Title,Date
"Suits: Season 3: Bad Faith","4/13/21"
"Suits: Season 3: Endgame","4/12/21"
"Suits: Season 3: She's Mine","4/12/21"
"Suits: Season 3: The Other Time","4/12/21"
"Suits: Season 3: Shadow of a Doubt","4/12/21"
"Furious 7","4/12/21"
"Suits: Season 3: Conflict of Interest","4/12/21"
"Suits: Season 3: Unfinished Business","4/11/21"
"Suits: Season 3: I Want You to Want Me","4/11/21"
"Suits: Season 3: The Arrangement","4/11/21"
"Ride Along","4/11/21"
"Suits: Season 2: War","4/11/21"
"Suits: Season 2: Normandy","4/10/21"
"Suits: Season 2: He's Back","4/10/21"
"Suits: Season 2: Zane Vs. Zane","4/10/21"
"Suits: Season 2: Blood in the Water","4/10/21"
"Suits: Season 2: Blind-Sided","4/10/21"
"Suits: Season 2: High Noon","4/9/21"
"Suits: Season 2: Asterisk","4/9/21"
"Suits: Season 2: Rewind","4/9/21"
"Suits: Season 2: Sucker Punch","4/9/21"
"Suits: Season 2: All In","4/9/21"
"Suits: Season 2: Break Point","4/8/21"
"Suits: Season 2: Discovery","4/8/21"
"6 Underground","4/8/21"
"2 Guns","4/8/21"
"Suits: Season 2: Meet the New Boss","4/8/21"
"Suits: Season 2: The Choice","4/7/21"
"This Is a Robbery: The World's Biggest Art Heist: Limited Series: They Looked Like Cops","4/7/21"
"Suits: Season 2: She Knows","4/7/21"
"Suits: Season 1: Dog Fight","4/7/21"
"Suits: Season 1: Rules of the Game","4/7/21"
"Suits: Season 1: The Shelf Life","4/7/21"
"Suits: Season 1: Undefeated","4/6/21"
"Suits: Season 1: Identity Crisis","4/6/21"
"Suits: Season 1: Play the Man","4/5/21"
"Suits: Season 1: Tricks of the Trade","4/5/21"
"Suits: Season 1: Bail Out","4/5/21"
"Suits: Season 1: Dirty Little Secrets","4/5/21"
"Suits: Season 1: Inside Track","4/5/21"
"Suits: Season 1: Errors and Omissions","4/5/21"
"Suits: Season 9: One Last Con","4/4/21"
"Suits: Season 9: Thunder Away","4/4/21"
"Suits: Season 9: Prisoner's Dilemma","4/4/21"
"Suits: Season 9: Scenic Route","4/4/21"
"Suits: Season 9: Whatever It Takes","4/4/21"
"Suits: Season 9: If the Shoe Fits","4/3/21"
"Suits: Season 9: Cairo","4/3/21"
"Suits: Season 9: Windmills","4/3/21"
"Suits: Season 9: Special Master","4/2/21"
"Suits: Season 9: Everything's Changed","4/2/21"
"Suits: Season 8: Harvey","4/1/21"
"Suits: Season 8: Stalking Horse","4/1/21"
"Suits: Season 8: Peas in a Pod","3/31/21"
"Suits: Season 8: The Greater Good","3/31/21"
"Suits: Season 8: Whale Hunt","3/31/21"
"Suits: Season 8: Rocky 8","3/31/21"
"Suits: Season 8: Managing Partner","3/30/21"
"Suits: Season 8: Motion to Delay","3/30/21"
"Suits: Season 8: Coral Gables","3/29/21"
"Suits: Season 8: Sour Grapes","3/28/21"
"Suits: Season 8: Cats, Ballet, Harvey Specter","3/28/21"
"Suits: Season 8: Good Mudding","3/28/21"
"Suits: Season 8: Revenue Per Square Foot","3/28/21"
"Suits: Season 8: Promises, Promises","3/28/21"
"Molly's Game","3/28/21"
"Suits: Season 1: Pilot Part 1 & 2","3/27/21"
"Suits: Season 8: Pecking Order","3/26/21"
"Brooklyn Nine-Nine: Season 6: The Tattler","3/26/21"
"Suits: Season 8: Right-Hand Man","3/25/21"
"Suits: Season 7: Good-Bye","3/25/21"
"Suits: Season 7: Tiny Violin","3/24/21"
"Suits: Season 7: Pulling the Goalie","3/24/21"
"Suits: Season 7: Inevitable","3/24/21"
"Suits: Season 7: Bad Man","3/24/21"
"Suits: Season 7: Hard Truths","3/23/21"
"Suits: Season 7: Donna","3/23/21"
"Suits: Season 7: Shame","3/23/21"
"Suits: Season 7: 100","3/22/21"
"Suits: Season 7: Full Disclosure","3/22/21"
"Suits: Season 7: Home to Roost","3/22/21"
"Suits: Season 7: Brooklyn Housing","3/22/21"
"Suits: Season 7: Divide and Conquer","3/21/21"
"Suits: Season 7: Mudmare","3/21/21"
"Suits: Season 7: The Statue","3/21/21"
"Suits: Season 7: Skin in the Game","3/21/21"
"Suits: Season 6: Character and Fitness","3/21/21"
"Suits: Season 6: Quid Pro Quo","3/21/21"
"Suits: Season 6: Admission of Guilt","3/21/21"
"Suits: Season 6: Teeth, Nose, Teeth","3/21/21"
"Suits: Season 6: The Painting","3/20/21"
"Suits: Season 6: She's Gone","3/20/21"
"Suits: Season 6: P.S.L.","3/20/21"
"Suits: Season 6: The Hand That Feeds You","3/20/21"
"Suits: Season 6: Borrowed Time","3/20/21"
"Suits: Season 6: Shake the Trees","3/20/21"
"Suits: Season 6: Spain","3/20/21"
"Suits: Season 6: Trust","3/20/21"
"Suits: Season 6: Turn","3/20/21"
"Suits: Season 6: Back on the Map","3/20/21"
"Suits: Season 6: Accounts Payable","3/20/21"
"Suits: Season 6: To Trouble","3/20/21"
"Suits: Season 5: 25th Hour","3/19/21"
"Suits: Season 5: Tick Tock","3/19/21"
"Suits: Season 5: Self Defense","3/19/21"
"Suits: Season 5: God's Green Earth","3/19/21"
"Suits: Season 5: Live to Fight...","3/19/21"
"Suits: Season 5: Blowback","3/19/21"
"Suits: Season 5: Faith","3/19/21"
"Suits: Season 5: Uninvited Guests","3/18/21"
"Suits: Season 5: Mea Culpa","3/18/21"
"Suits: Season 5: Hitting Home","3/18/21"
"Suits: Season 5: Privilege","3/18/21"
"Suits: Season 5: Toe to Toe","3/18/21"
"Suits: Season 5: No Puedo Hacerlo","3/17/21"
"Suits: Season 5: No Refills","3/17/21"
"Suits: Season 5: Compensation","3/17/21"
"Suits: Season 5: Denial","3/17/21"
"Suits: Season 4: Not Just a Pretty Face","3/17/21"
"Suits: Season 4: Intent","3/17/21"
"Suits: Season 4: Derailed","3/17/21"
"Suits: Season 4: Fork in the Road","3/17/21"
"Suits: Season 4: Respect","3/17/21"
"Suits: Season 4: Enough is Enough","3/16/21"
"Suits: Season 4: This Is Rome","3/16/21"
"Suits: Season 4: Gone","3/16/21"
"Suits: Season 4: Exposure","3/16/21"
"Suits: Season 4: We're Done","3/16/21"
"Suits: Season 4: Litt the Hell Up","3/16/21"
"Suits: Season 4: Pound of Flesh","3/16/21"
"Suits: Season 4: Leveraged","3/16/21"
"Suits: Season 4: Two in the Knees","3/16/21"
"Suits: Season 4: Breakfast, Lunch and Dinner","3/16/21"
"Suits: Season 4: One-Two-Three Go...","3/15/21"
"Suits: Season 3: No Way Out","3/15/21"
"Suits: Season 3: Know When to Fold 'Em","3/15/21"
"Suits: Season 3: Heartburn","3/15/21"
"Suits: Season 3: Moot Point","3/15/21"
"Suits: Season 3: Yesterday’s Gone","3/15/21"
"Suits: Season 3: Buried Secrets","3/15/21"
"Suits: Season 3: Stay","3/15/21"
"Brooklyn Nine-Nine: Season 6: Hitchcock & Scully","3/10/21"
"Brooklyn Nine-Nine: Season 6: Honeymoon","3/10/21"
"Brooklyn Nine-Nine: Season 5: Jake & Amy","3/9/21"
"Brooklyn Nine-Nine: Season 5: White Whale","3/9/21"
"How I Met Your Mother: Season 5: Doppelgangers","3/8/21"
"How I Met Your Mother: Season 5: The Wedding Bride","3/8/21"
"Brooklyn Nine-Nine: Season 5: Show Me Going","3/8/21"
"Prison Break: Season 1: Allen","3/8/21"
"Prison Break: Season 1: Pilot","3/8/21"
"Jack Reacher","3/8/21"
"Brooklyn Nine-Nine: Season 5: Bachelor/ette Party","3/7/21"
"Brooklyn Nine-Nine: Season 5: Gray Star Mutual","3/7/21"
"Brooklyn Nine-Nine: Season 5: DFW","3/7/21"
"S.W.A.T.: Firefight","3/7/21"
"Brooklyn Nine-Nine: Season 5: NutriBoom","3/6/21"
"Brooklyn Nine-Nine: Season 5: The Puzzle Master","3/6/21"
"Brooklyn Nine-Nine: Season 5: The Box","3/6/21"
"Brooklyn Nine-Nine: Season 5: The Negotiation","3/6/21"
"S.W.A.T.","3/5/21"
"Brooklyn Nine-Nine: Season 5: Safe House","3/3/21"
"How I Met Your Mother: Season 5: Robots Vs. Wrestlers","3/2/21"
"How I Met Your Mother: Season 5: Twin Beds","3/1/21"
"How I Met Your Mother: Season 5: Home Wreckers","3/1/21"
"The Bourne Supremacy","3/1/21"
"The Bourne Identity","2/28/21"
"Brooklyn Nine-Nine: Season 5: The Favor","2/28/21"
"House of Cards: Season 1: Chapter 1","2/27/21"
"Brooklyn Nine-Nine: Season 5: Game Night","2/27/21"
"Brooklyn Nine-Nine: Season 5: 99","2/27/21"
"Brooklyn Nine-Nine: Season 5: Return to Skyfire","2/27/21"
"Brooklyn Nine-Nine: Season 5: Two Turkeys","2/27/21"
"White Collar: Season 1: Threads","2/27/21"
"Scorpion: Season 1: Pilot","2/26/21"
"Prison Break: Season 5: Behind the Eyes","2/26/21"
"Prison Break: Season 5: Progeny ","2/26/21"
"Prison Break: Season 5: Wine-Dark Sea","2/26/21"
"Prison Break: Season 5: Phaecia ","2/26/21"
"Prison Break: Season 5: Contingency","2/26/21"
"Prison Break: Season 5: The Prisoner's Dilemma","2/26/21"
"How I Met Your Mother: Season 5: Zoo or False","2/25/21"
"How I Met Your Mother: Season 5: Say Cheese","2/25/21"
"How I Met Your Mother: Season 5: Of Course","2/25/21"
"Prison Break: Season 5: The Liar","2/25/21"
"Prison Break: Season 5: Kaniel Outis","2/25/21"
"Prison Break: Season 5: Ogygia","2/25/21"
"Prison Break: Season 4: The Final Break","2/25/21"
"Prison Break: Season 4: Killing Your Number","2/25/21"
"Prison Break: Season 4: Rate of Exchange","2/25/21"
"Prison Break: Season 4: Cowboys & Indians","2/25/21"
"Prison Break: Season 4: S.O.B.","2/24/21"
"Prison Break: Season 4: Versus","2/24/21"
"Prison Break: Season 4: The Mother Lode","2/24/21"
"Prison Break: Season 4: The Sunshine State","2/24/21"
"Prison Break: Season 4: Going Under","2/24/21"
"Prison Break: Season 4: Just Business","2/24/21"
"Prison Break: Season 4: Deal or No Deal","2/24/21"
"Prison Break: Season 4: Selfless","2/24/21"
"Prison Break: Season 4: Quiet Riot","2/24/21"
"Prison Break: Season 4: The Legend","2/24/21"
"Prison Break: Season 4: Greatness Achieved","2/24/21"
"Prison Break: Season 4: The Price","2/24/21"
"Prison Break: Season 4: Five the Hard Way","2/24/21"
"Prison Break: Season 4: Blow Out","2/24/21"
"Prison Break: Season 4: Safe & Sound","2/23/21"
"Prison Break: Season 4: Eagles & Angels","2/23/21"
"Prison Break: Season 4: Shut Down","2/23/21"
"Prison Break: Season 4: Breaking & Entering","2/23/21"
"Prison Break: Season 4: Scylla","2/23/21"
"Prison Break: Season 3: The Art of the Deal","2/23/21"
"Prison Break: Season 3: Hell or High Water","2/23/21"
"Prison Break: Season 3: Under & Out","2/23/21"
"Prison Break: Season 3: Dirt Nap","2/23/21"
"Prison Break: Season 3: Boxed In","2/23/21"
"Prison Break: Season 3: Bang and Burn","2/23/21"
"Prison Break: Season 3: Vamonos","2/23/21"
"Prison Break: Season 3: Photo Finish","2/23/21"
"Prison Break: Season 3: Interference","2/22/21"
"Prison Break: Season 3: Good Fences","2/22/21"
"Prison Break: Season 3: Call Waiting","2/22/21"
"Prison Break: Season 3: Fire / Water","2/22/21"
"Prison Break: Season 3: Orientación","2/22/21"
"Prison Break: Season 2: Sona","2/22/21"
"Prison Break: Season 2: Fin del Camino","2/22/21"
"Prison Break: Season 2: Panama","2/22/21"
"Prison Break: Season 2: Sweet Caroline","2/22/21"
"Prison Break: Season 2: Wash","2/22/21"
"Prison Break: Season 2: Bad Blood","2/22/21"
"Prison Break: Season 2: Chicago","2/22/21"
"Prison Break: Season 2: The Message","2/22/21"
"Prison Break: Season 2: John Doe","2/22/21"
"Prison Break: Season 2: The Killing Box","2/21/21"
"Prison Break: Season 2: Disconnect","2/21/21"
"Prison Break: Season 2: Bolshoi Booze","2/21/21"
"Prison Break: Season 2: Rendezvous","2/21/21"
"Prison Break: Season 2: Unearthed","2/21/21"
"Prison Break: Season 2: Dead Fall","2/21/21"
"Prison Break: Season 2: Buried","2/21/21"
"Prison Break: Season 2: Subdivision","2/21/21"
"Prison Break: Season 2: Map 1213","2/21/21"
"Prison Break: Season 2: First Down","2/21/21"
"Prison Break: Season 2: Scan","2/21/21"
"How I Met Your Mother: Season 5: Hooked","2/21/21"
"How I Met Your Mother: Season 5: Rabbit or Duck","2/21/21"
"How I Met Your Mother: Season 5: Perfect Week","2/21/21"
"How I Met Your Mother: Season 5: Jenkins","2/21/21"
"How I Met Your Mother: Season 5: Girls Vs. Suits","2/21/21"
"How I Met Your Mother: Season 5: Last Cigarette Ever","2/21/21"
"How I Met Your Mother: Season 5: The Window","2/21/21"
"How I Met Your Mother: Season 5: Slapsgiving 2: Revenge of the Slap","2/20/21"
"How I Met Your Mother: Season 5: The Playbook","2/20/21"
"How I Met Your Mother: Season 5: The Rough Patch","2/19/21"
"How I Met Your Mother: Season 5: Bagpipes","2/19/21"
"How I Met Your Mother: Season 5: Duel Citizenship","2/19/21"
"How I Met Your Mother: Season 5: The Sexless Innkeeper","2/18/21"
"How I Met Your Mother: Season 5: Robin 101","2/18/21"
"How I Met Your Mother: Season 5: Double Date","2/18/21"
"How I Met Your Mother: Season 5: Definitions","2/18/21"
"How I Met Your Mother: Season 4: The Leap","2/18/21"
"How I Met Your Mother: Season 4: As Fast as She Can","2/18/21"
"How I Met Your Mother: Season 4: Right Place Right Time","2/18/21"
"How I Met Your Mother: Season 4: The Three Days Rule","2/18/21"
"How I Met Your Mother: Season 4: Mosbius Designs","2/17/21"
"How I Met Your Mother: Season 4: Murtaugh","2/17/21"
"How I Met Your Mother: Season 4: Old King Clancy","2/17/21"
"How I Met Your Mother: Season 4: The Front Porch","2/17/21"
"How I Met Your Mother: Season 4: Sorry, Bro","2/16/21"
"How I Met Your Mother: Season 4: The Stinsons","2/15/21"
"How I Met Your Mother: Season 4: Possimpible","2/15/21"
"How I Met Your Mother: Season 4: Three Days of Snow","2/15/21"
"How I Met Your Mother: Season 4: Benefits","2/15/21"
"Brooklyn Nine-Nine: Season 5: The Venue","2/14/21"
"How I Met Your Mother: Season 4: Little Minnesota","2/14/21"
"How I Met Your Mother: Season 4: The Fight","2/14/21"
"How I Met Your Mother: Season 4: The Naked Man","2/14/21"
"Shooter: Season 3: Red Light","2/13/21"
"Shooter: Season 3: Patron Saint","2/13/21"
"Shooter: Season 3: Family Fire","2/13/21"
"Shooter: Season 3: Orientation Day","2/13/21"
"Shooter: Season 3: Alpha Dog","2/13/21"
"Shooter: Season 3: The Red Badge","2/13/21"
"Shooter: Season 3: Swing Vote","2/13/21"
"Shooter: Season 3: Lines Crossed","2/13/21"
"Shooter: Season 3: A Call To Arms","2/13/21"
"Shooter: Season 3: The Importance of Service","2/13/21"
"Shooter: Season 3: Sins of the Father","2/13/21"
"Shooter: Season 3: Red Meat","2/12/21"
"Shooter: Season 3: Backroads","2/12/21"
"Shooter: Season 2: That'll Be the Day","2/12/21"
"Shooter: Season 2: Someplace Like Bolivia","2/12/21"
"Shooter: Season 2: Across the Rio Grande","2/11/21"
"Shooter: Season 2: The Man Called Noon","2/11/21"
"Shooter: Season 2: The Dark End of the Street","2/10/21"
"Shooter: Season 2: Don't Mess with Texas","2/9/21"
"Shooter: Season 2: Remember the Alamo","2/9/21"
"Shooter: Season 2: The Hunting Party","2/9/21"
"Shooter: Season 1: Primer Contact","2/9/21"
"Shooter: Season 1: Ballistic Advantage","2/9/21"
"Shooter: Season 1: Red on Red","2/9/21"
"Shooter: Season 1: Danger Close","2/8/21"
"Shooter: Season 1: Killing Zone","2/8/21"
"Shooter: Season 1: Recon by Fire","2/8/21"
"Shooter: Season 1: Overwatch","2/8/21"
"Shooter: Season 1: Musa Qala","2/8/21"
"Shooter: Season 1: Exfil","2/8/21"
"Shooter: Season 1: Point of Impact","2/7/21"
"Prison Break: Season 2: Otis","2/7/21"
"Prison Break: Season 2: Manhunt","2/7/21"
"Prison Break: Season 1: Flight","2/6/21"
"Prison Break: Season 1: Go","2/6/21"
"Prison Break: Season 1: Tonight","2/6/21"
"Prison Break: Season 1: The Key","2/6/21"
"Prison Break: Season 1: Bluff","2/6/21"
"Prison Break: Season 1: J-Cat","2/6/21"
"Prison Break: Season 1: Brother's Keeper","2/6/21"
"Prison Break: Season 1: By the Skin and the Teeth","2/6/21"
"Prison Break: Season 1: The Rat","2/6/21"
"Prison Break: Season 1: End of the Tunnel","2/6/21"
"Prison Break: Season 1: Odd Man Out","2/6/21"
"Prison Break: Season 1: And Then There Were 7","2/6/21"
"Prison Break: Season 1: Sleight of Hand","2/5/21"
"Prison Break: Season 1: Tweener","2/5/21"
"Prison Break: Season 1: The Old Head","2/5/21"
"Prison Break: Season 1: Riots, Drills and the Devil: Part 2","2/5/21"
"Prison Break: Season 1: Riots, Drills and the Devil: Part 1","2/5/21"
"Prison Break: Season 1: English, Fitz or Percy","2/5/21"
"Prison Break: Season 1: Cute Poison","2/5/21"
"How I Met Your Mother: Season 4: Woooo!","2/5/21"
"How I Met Your Mother: Season 4: Not a Father's Day","2/5/21"
"How I Met Your Mother: Season 4: Happily Ever After","2/5/21"
"How I Met Your Mother: Season 4: Shelter Island","2/4/21"
"How I Met Your Mother: Season 4: Intervention","2/4/21"
"How I Met Your Mother: Season 4: I Heart NJ","2/4/21"
"Modern Family: Season 1: The Bicycle Thief","2/4/21"
"How I Met Your Mother: Season 4: The Best Burger in New York","2/4/21"
"How I Met Your Mother: Season 4: Do I Know You?","2/4/21"
"How I Met Your Mother: Season 3: Miracles","2/4/21"
"How I Met Your Mother: Season 3: Everything Must Go","2/4/21"
"Superstore: Season 1: Pilot","2/3/21"
"Prison Break: Season 1: Cell Test","2/3/21"
"How I Met Your Mother: Season 3: Rebound Bro","2/3/21"
"How I Met Your Mother: Season 3: The Goat","2/3/21"
"How I Met Your Mother: Season 3: Sandcastles in the Sand","2/2/21"
"How I Met Your Mother: Season 3: The Chain of Screaming","2/2/21"
"How I Met Your Mother: Season 3: The Bracket","2/2/21"
"How I Met Your Mother: Season 3: Ten Sessions","2/2/21"
"How I Met Your Mother: Season 3: No Tomorrow","2/2/21"
"Lupin: Part 1: Chapter 1","1/31/21"
"Lupin: Part 1: Chapter 2","1/31/21"
"How I Met Your Mother: Season 3: The Platinum Rule","1/31/21"
"How I Met Your Mother: Season 3: The Yips","1/31/21"
"How I Met Your Mother: Season 3: Slapsgiving","1/31/21"
"How I Met Your Mother: Season 3: Spoiler Alert","1/28/21"
"How I Met Your Mother: Season 3: Dowisetrepla","1/28/21"
"Outside the Wire","1/27/21"
"Brooklyn Nine-Nine: Season 5: Bad Beat","1/27/21"
"How I Met Your Mother: Season 3: I'm Not That Guy","1/26/21"
"Hitman: Agent 47","1/26/21"
"How I Met Your Mother: Season 3: How I Met Everyone Else","1/19/21"
"Brooklyn Nine-Nine: Season 5: HalloVeen","1/19/21"
"Brooklyn Nine-Nine: Season 1: Pilot","1/18/21"
"Lupin: Part 1: Chapter 5","1/18/21"
"Lupin: Part 1: Chapter 4","1/18/21"
"Lupin: Part 1: Chapter 3","1/18/21"
"Pine Gap: Season 1: Episode 1","12/26/20"
"How I Met Your Mother: Season 3: Little Boys","12/22/20"
"How I Met Your Mother: Season 3: Third Wheel","12/22/20"
"How I Met Your Mother: Season 3: We're Not From Here","9/10/20"
"Now You See Me","9/7/20"
"Formula 1: Drive to Survive: Season 1: The King of Spain","9/7/20"
"How I Met Your Mother: Season 3: Wait for It","9/5/20"
"Ultimate Force: Season 3: Deadlier Than the Male","9/5/20"
"How I Met Your Mother: Season 2: Something Blue","9/4/20"
"How I Met Your Mother: Season 2: Something Borrowed","9/4/20"
"How I Met Your Mother: Season 2: Showdown","9/1/20"
"Designated Survivor: Season 3: #truthorconsequences","9/1/20"
"Designated Survivor: Season 3: #undecided","9/1/20"
"Designated Survivor: Season 3: #scaredsh*tless","8/31/20"
"Designated Survivor: Season 3: #identity/crisis","8/31/20"
"Designated Survivor: Season 3: #whocares","8/31/20"
"Designated Survivor: Season 3: #nothingpersonal","8/29/20"
"Designated Survivor: Season 3: #makehistory","8/29/20"
"Designated Survivor: Season 3: #privacyplease","8/27/20"
"Designated Survivor: Season 3: #slipperyslope","8/27/20"
"Designated Survivor: Season 3: #thesystemisbroken","8/27/20"
"Designated Survivor: Season 2: Run","8/26/20"
"Designated Survivor: Season 2: Target","8/26/20"
"Designated Survivor: Season 2: Bad Reception","8/24/20"
"Designated Survivor: Season 2: Capacity","8/24/20"
"Designated Survivor: Season 2: Kirkman Agonistes","8/24/20"
"Designated Survivor: Season 2: Overkill","8/24/20"
"Designated Survivor: Season 2: Fallout","8/24/20"
"Designated Survivor: Season 2: Summit","8/24/20"
"Designated Survivor: Season 2: In the Dark","8/24/20"
"How I Met Your Mother: Season 2: Bachelor Party","8/20/20"
"How I Met Your Mother: Season 2: Moving Day","8/20/20"
"How I Met Your Mother: Season 2: Arrivederci, Fiero","8/19/20"
"How I Met Your Mother: Season 2: Stuff","8/19/20"
"How I Met Your Mother: Season 2: Lucky Penny","8/19/20"
"How I Met Your Mother: Season 2: Monday Night Football","8/18/20"
"How I Met Your Mother: Season 2: Columns","8/18/20"
"How I Met Your Mother: Season 2: First Time in New York","8/18/20"
"How I Met Your Mother: Season 2: How Lily Stole Christmas","8/17/20"
"How I Met Your Mother: Season 2: Single Stamina","8/17/20"
"How I Met Your Mother: Season 2: Slap Bet","8/17/20"
"How I Met Your Mother: Season 2: Atlantic City","8/17/20"
"How I Met Your Mother: Season 2: Swarley","8/17/20"
"How I Met Your Mother: Season 2: Aldrin Justice","8/17/20"
"How I Met Your Mother: Season 2: World's Greatest Couple","8/17/20"
"How I Met Your Mother: Season 2: Ted Mosby: Architect","8/17/20"
"How I Met Your Mother: Season 2: Brunch","8/16/20"
"How I Met Your Mother: Season 2: The Scorpion and the Toad","8/16/20"
"How I Met Your Mother: Season 2: Where Were We?","8/16/20"
"How I Met Your Mother: Season 1: Come On","8/15/20"
"How I Met Your Mother: Season 1: Milk","8/15/20"
"How I Met Your Mother: Season 1: Best Prom Ever","8/15/20"
"How I Met Your Mother: Season 1: Mary the Paralegal","8/15/20"
"How I Met Your Mother: Season 1: Nothing Good Happens After 2 A.M.","8/15/20"
"How I Met Your Mother: Season 1: Life Among the Gorillas","8/15/20"
"How I Met Your Mother: Season 1: Cupcake","8/15/20"
"How I Met Your Mother: Season 1: Game Night","8/14/20"
"How I Met Your Mother: Season 1: Zip, Zip, Zip","8/14/20"
"How I Met Your Mother: Season 1: Drumroll, Please","8/14/20"
"How I Met Your Mother: Season 1: The Wedding","8/14/20"
"How I Met Your Mother: Season 1: The Limo","8/14/20"
"How I Met Your Mother: Season 1: The Pineapple Incident","8/14/20"
"How I Met Your Mother: Season 1: Belly Full of Turkey","8/14/20"
"How I Met Your Mother: Season 1: The Duel","8/14/20"
"How I Met Your Mother: Season 1: Matchmaker","8/14/20"
"How I Met Your Mother: Season 1: The Slutty Pumpkin","8/13/20"
"How I Met Your Mother: Season 1: Okay Awesome","8/13/20"
"How I Met Your Mother: Season 1: Return of the Shirt","8/13/20"
"How I Met Your Mother: Season 1: The Sweet Taste of Liberty","8/12/20"
"How I Met Your Mother: Season 1: Purple Giraffe","8/12/20"
"Brooklyn Nine-Nine: Season 3: Terry Kitties","8/10/20"
"How I Met Your Mother: Season 1: Pilot","8/10/20"
"The Big Bang Theory: Season 5: The Beta Test Initiation","8/9/20"
"Brooklyn Nine-Nine: Season 3: Cheddar","8/8/20"
"The Big Bang Theory: Season 5: The Recombination Hypothesis","8/7/20"
"Marvel's The Punisher: Season 1: Kandahar","8/6/20"
"Marvel's The Punisher: Season 1: Two Dead Men","8/6/20"
"Marvel's The Punisher: Season 1: 3AM","8/6/20"
"Brooklyn Nine-Nine: Season 3: Adrian Pimento","8/5/20"
"Brooklyn Nine-Nine: Season 3: House Mouses","8/5/20"
"Brooklyn Nine-Nine: Season 3: The 9-8","8/5/20"
"Brooklyn Nine-Nine: Season 3: Karen Peralta","8/4/20"
"Brooklyn Nine-Nine: Season 3: The Cruise","8/4/20"
"Brooklyn Nine-Nine: Season 3: 9 Days","8/4/20"
"Brooklyn Nine-Nine: Season 3: Hostage Situation","8/4/20"
"Brooklyn Nine-Nine: Season 3: Yippie Kayak","8/4/20"
"Brooklyn Nine-Nine: Season 3: The Swedes","8/3/20"
"Brooklyn Nine-Nine: Season 3: Ava","8/3/20"
"Brooklyn Nine-Nine: Season 3: The Mattress","8/3/20"
"Brooklyn Nine-Nine: Season 3: Into the Woods","8/3/20"
"Brooklyn Nine-Nine: Season 3: Halloween Part III","8/3/20"
"Bodyguard: Season 1: Episode 6","8/2/20"
"Brooklyn Nine-Nine: Season 3: The Oolong Slayer","8/2/20"
"Brooklyn Nine-Nine: Season 3: Boyle's Hunch","8/2/20"
"Brooklyn Nine-Nine: Season 3: The Funeral","8/2/20"
"Brooklyn Nine-Nine: Season 3: New Captain","8/2/20"
"Brooklyn Nine-Nine: Season 2: Johnny and Dora","8/2/20"
"Brooklyn Nine-Nine: Season 2: The Chopper","8/2/20"
"Brooklyn Nine-Nine: Season 2: Det. Dave Majors","8/2/20"
"Brooklyn Nine-Nine: Season 2: AC/DC","8/2/20"
"Brooklyn Nine-Nine: Season 2: Sabotage","7/31/20"
"Brooklyn Nine-Nine: Season 2: Captain Peralta","7/30/20"
"Brooklyn Nine-Nine: Season 2: Boyle-Linetti Wedding","7/30/20"
"White Collar: Season 6: Au Revoir","7/25/20"
"White Collar: Season 1: Book of Hours","7/24/20"
"Marvel's Luke Cage: Season 1: Moment of Truth","7/24/20"
"White Collar: Season 1: Pilot","7/23/20"
"Hot Fuzz","7/22/20"
"Formula 1: Drive to Survive: Season 1: All to Play For","7/22/20"
"Brooklyn Nine-Nine: Season 2: The Wednesday Incident","7/22/20"
"White Collar: Season 6: Whack-A-Mole","7/22/20"
"White Collar: Season 6: All's Fair","7/22/20"
"White Collar: Season 6: Uncontrolled Variables","7/21/20"
"White Collar: Season 6: Return to Sender","7/21/20"
"White Collar: Season 6: Borrowed Time","7/20/20"
"White Collar: Season 5: Diamond Exchange","7/20/20"
"White Collar: Season 5: Taking Stock","7/20/20"
"White Collar: Season 5: Shot Through the Heart","7/20/20"
"White Collar: Season 5: Live Feed","7/20/20"
"White Collar: Season 5: No Good Deed","7/20/20"
"White Collar: Season 5: Digging Deeper","7/20/20"
"White Collar: Season 5: Quantico Closure","7/19/20"
"White Collar: Season 5: Ice Breaker","7/19/20"
"White Collar: Season 5: Master Plan","7/18/20"
"Ali G Indahouse","7/18/20"
"White Collar: Season 5: Controlling Interest","7/18/20"
"White Collar: Season 5: One Last Stakeout","7/18/20"
"White Collar: Season 5: Out of the Frying Pan","7/17/20"
"White Collar: Season 5: At What Price","7/17/20"
"White Collar: Season 4: In the Wind","7/17/20"
"White Collar: Season 4: The Original","7/17/20"
"White Collar: Season 4: Shoot the Moon","7/16/20"
"White Collar: Season 4: Empire City","7/16/20"
"White Collar: Season 4: Brass Tacks","7/15/20"
"White Collar: Season 4: Family Business","7/15/20"
"White Collar: Season 4: Vested Interest","7/14/20"
"White Collar: Season 4: Gloves Off","7/13/20"
"White Collar: Season 4: Ancient History","7/13/20"
"The Old Guard","7/13/20"
"White Collar: Season 4: Compromising Positions","7/12/20"
"White Collar: Season 4: Identity Crisis","7/11/20"
"White Collar: Season 4: Honor Among Thieves","7/10/20"
"White Collar: Season 4: Parting Shots","7/10/20"
"White Collar: Season 4: Diminishing Returns","7/9/20"
"White Collar: Season 4: Most Wanted","7/8/20"
"White Collar: Season 4: Wanted","7/8/20"
"White Collar: Season 3: Judgment Day","7/8/20"
"White Collar: Season 3: Stealing Home","7/8/20"
"White Collar: Season 3: Pulling Strings","7/8/20"
"White Collar: Season 3: Neighborhood Watch","7/8/20"
"White Collar: Season 3: Upper West Side Story","7/8/20"
"White Collar: Season 3: Checkmate","7/7/20"
"White Collar: Season 3: Countdown","7/7/20"
"White Collar: Season 3: On the Fence","7/7/20"
"White Collar: Season 3: As You Were","7/7/20"
"White Collar: Season 3: Taking Account","7/7/20"
"White Collar: Season 3: Scott Free","7/7/20"
"White Collar: Season 3: Veiled Threat","7/7/20"
"White Collar: Season 3: Dentist of Detroit","7/6/20"
"White Collar: Season 3: Deadline","7/6/20"
"White Collar: Season 3: Where There's a Will","7/6/20"
"White Collar: Season 3: On Guard","7/6/20"
"White Collar: Season 2: Under the Radar","7/6/20"
"White Collar: Season 2: Power Play","7/5/20"
"White Collar: Season 2: Payback","7/5/20"
"White Collar: Season 2: Countermeasures","7/5/20"
"White Collar: Season 2: What Happens in Burma","7/5/20"
"White Collar: Season 2: Forging Bonds","7/5/20"
"White Collar: Season 2: Burke's Seven","7/5/20"
"White Collar: Season 2: Point Blank","7/5/20"
"White Collar: Season 2: Company Man","7/5/20"
"White Collar: Season 2: Prisoner's Dilemma","7/5/20"
"White Collar: Season 2: In the Red","7/4/20"
"White Collar: Season 2: Unfinished Business","7/4/20"
"White Collar: Season 2: By the Book","7/4/20"
"White Collar: Season 2: Copycat Caffrey","7/4/20"
"White Collar: Season 2: Need to Know","7/3/20"
"White Collar: Season 2: Withdrawal","7/3/20"
"White Collar: Season 1: Out of the Box","7/3/20"
"White Collar: Season 1: Front Man","7/3/20"
"White Collar: Season 1: Bottlenecked","7/2/20"
"White Collar: Season 1: Home Invasion","7/2/20"
"White Collar: Season 1: Vital Signs","7/2/20"
"White Collar: Season 1: Bad Judgement","7/2/20"
"White Collar: Season 1: Hard Sell","7/1/20"
"White Collar: Season 1: Free Fall","7/1/20"
"White Collar: Season 1: All In","7/1/20"
"White Collar: Season 1: The Portrait","7/1/20"
"Line of Duty","6/30/20"
"White Collar: Season 1: Flip of the Coin","6/29/20"
"Scorpion: Season 1: Single Point of Failure","6/25/20"
"Wanted: Season 1: Chelsea and Lola","6/25/20"
"Line of Duty: Season 1: Episode 1","6/25/20"
"Scorpion: Season 4: A Lie in the Sand","6/24/20"
"Scorpion: Season 4: Kenny and the Jet","6/24/20"
"Scorpion: Season 4: Foul Balls","6/24/20"
"Scorpion: Season 4: Gator Done","6/24/20"
"Scorpion: Season 4: Dork Day Afternoon","6/23/20"
"Scorpion: Season 4: Dumbster Fire","6/23/20"
"Scorpion: Season 4: Nerd, Wind and Fire","6/23/20"
"Scorpion: Season 4: Wave Goodbye","6/23/20"
"Scorpion: Season 4: Lighthouse of the Rising Sun","6/22/20"
"Scorpion: Season 4: The Bunker Games","6/22/20"
"Scorpion: Season 4: A Christmas Car-Roll","6/22/20"
"Scorpion: Season 4: Who Let the Dog Out (‘Cause Now It’s Stuck in a Cistern)","6/22/20"
"Scorpion: Season 4: Crime Every Mountain","6/22/20"
"Scorpion: Season 4: It’s Raining Men (of War)","6/21/20"
"Scorpion: Season 4: Faire Is Foul","6/21/20"
"Scorpion: Season 4: Go with the Flo(rence)","6/21/20"
"Scorpion: Season 4: Queen Scary","6/21/20"
"Scorpion: Season 4: Sci Hard","6/20/20"
"Scorpion: Season 4: Nuke Kids on the Block","6/20/20"
"Scorpion: Season 4: Grow a Deer, A Female Deer","6/20/20"
"Scorpion: Season 4: More Extinction","6/20/20"
"Scorpion: Season 4: Extinction","6/20/20"
"Scorpion: Season 3: Scorp Family Robinson","6/20/20"
"Scorpion: Season 3: Maroon 8","6/19/20"
"Scorpion: Season 3: Something Burrowed, Something Blew","6/19/20"
"Scorpion: Season 3: Strife on Mars","6/19/20"
"Scorpion: Season 3: Rock Block","6/19/20"
"Scorpion: Season 3: Broken Wind","6/19/20"
"Scorpion: Season 3: Monkey See, Monkey Poo","6/19/20"
"Scorpion: Season 3: Don't Burst My Bubble","6/19/20"
"Scorpion: Season 3: Dirty Seeds, Done Dirt Cheap","6/19/20"
"Scorpion: Season 3: Keep It in Check, Mate","6/19/20"
"Scorpion: Season 3: Sharknerdo","6/19/20"
"Scorpion: Season 3: The Hole Truth","6/18/20"
"Scorpion: Season 3: Faux Money Maux Problems","6/18/20"
"Scorpion: Season 3: Ice Ca-Cabes","6/18/20"
"Scorpion: Season 3: Wreck the Halls","6/18/20"
"Scorpion: Season 3: This Is the Pits","6/18/20"
"Scorpion: Season 3: Mother Load","6/18/20"
"Scorpion: Season 3: Sly and the Family Stone","6/18/20"
"Scorpion: Season 3: We’re Gonna Need a Bigger Vote","6/18/20"
"Scorpion: Season 3: Bat Poop Crazy","6/18/20"
"Scorpion: Season 3: Plight at the Museum","6/18/20"
"Scorpion: Season 3: Little Boy Lost","6/18/20"
"Scorpion: Season 3: It Isn’t the Fall That Kills You","6/18/20"
"Scorpion: Season 3: More Civil War","6/18/20"
"Scorpion: Season 3: Civil War","6/17/20"
"Scorpion: Season 2: Toby or Not Toby","6/17/20"
"Scorpion: Season 2: Chernobyl Intentions","6/17/20"
"Scorpion: Season 2: Hard Knox","6/17/20"
"Scorpion: Season 2: Twist and Shout","6/17/20"
"Scorpion: Season 2: Djibouti Call","6/17/20"
"Scorpion: Season 2: Ticker","6/16/20"
"Scorpion: Season 2: The Fast and the Nerdiest","6/16/20"
"Scorpion: Season 2: Adaptation","6/16/20"
"Scorpion: Season 2: Fractured","6/16/20"
"Scorpion: Season 2: Da Bomb","6/16/20"
"Scorpion: Season 2: Sun of a Gun","6/16/20"
"Scorpion: Season 2: White Out","6/15/20"
"Scorpion: Season 2: Dam Breakthrough","6/15/20"
"Scorpion: Season 2: The Old College Try","6/15/20"
"Scorpion: Season 2: Arrivals and Departures","6/15/20"
"Scorpion: Season 2: US vs. UN vs. UK","6/15/20"
"Scorpion: Season 2: Area 51","6/15/20"
"Scorpion: Season 2: Crazy Train","6/14/20"
"Scorpion: Season 2: Tech, Drugs, and Rock 'n Roll Part 2","6/14/20"
"Scorpion: Season 2: Tech, Drugs, and Rock 'n Roll Part 1","6/14/20"
"Scorpion: Season 2: Super Fun Guys","6/14/20"
"Scorpion: Season 2: Robots","6/14/20"
"Scorpion: Season 2: Fish Filet","6/14/20"
"Scorpion: Season 2: Cuba Libre","6/14/20"
"Scorpion: Season 2: Satellite of Love","6/14/20"
"Scorpion: Season 1: Postcards from the Edge","6/14/20"
"Scorpion: Season 1: Cliffhanger","6/14/20"
"Scorpion: Season 1: Crossroads","6/14/20"
"Scorpion: Season 1: Young Hearts Spark Fire","6/14/20"
"Scorpion: Season 1: Once Bitten, Twice Die","6/14/20"
"Scorpion: Season 1: Going South","6/13/20"
"Scorpion: Season 1: Love Boat","6/13/20"
"Scorpion: Season 1: Forget Me Nots","6/13/20"
"Scorpion: Season 1: Charades","6/13/20"
"Scorpion: Season 1: Kill Screen","6/13/20"
"Scorpion: Season 1: Dominoes","6/13/20"
"Scorpion: Season 1: Revenge","6/13/20"
"Scorpion: Season 1: Talismans","6/13/20"
"Scorpion: Season 1: Rogue Element","6/13/20"
"Scorpion: Season 1: Risky Business","6/13/20"
"Scorpion: Season 1: Father's Day","6/12/20"
"Scorpion: Season 1: True Colors","6/12/20"
"Scorpion: Season 1: Plutonium Is Forever","6/12/20"
"Scorpion: Season 1: Shorthanded","6/12/20"
"Scorpion: Season 1: A Cyclone","6/12/20"
"Designated Survivor: Season 2: Original Sin","6/12/20"
"Designated Survivor: Season 2: The Final Frontier","6/12/20"
"Designated Survivor: Season 2: Grief","6/12/20"
"Designated Survivor: Season 2: Line of Fire","6/11/20"
"Designated Survivor: Season 2: Three Letter Day","6/11/20"
"Designated Survivor: Season 2: Home","6/11/20"
"Designated Survivor: Season 2: Family Ties","6/11/20"
"Designated Survivor: Season 2: Two Ships","6/11/20"
"Brooklyn Nine-Nine: Season 2: Windbreaker City","6/11/20"
"Brooklyn Nine-Nine: Season 2: The Defense Rests","6/10/20"
"Inside Man","6/10/20"
"Brooklyn Nine-Nine: Season 2: Payback","6/10/20"
"Brooklyn Nine-Nine: Season 2: Beach House","6/10/20"
"13 Hours: The Secret Soldiers of Benghazi","6/9/20"
"Brooklyn Nine-Nine: Season 2: Stakeout","6/9/20"
"Brooklyn Nine-Nine: Season 2: The Pontiac Bandit Returns","6/9/20"
"6 Days","6/9/20"
"Brooklyn Nine-Nine: Season 2: The Road Trip","6/8/20"
"Brooklyn Nine-Nine: Season 2: USPIS","6/8/20"
"Brooklyn Nine-Nine: Season 2: Lockdown","6/8/20"
"Apollo 11","6/7/20"
"Brooklyn Nine-Nine: Season 2: Jake and Sophia","6/7/20"
"Brooklyn Nine-Nine: Season 2: The Mole","6/7/20"
"Jack Reacher: Never Go Back","6/7/20"
"Get Hard","6/7/20"
"Brooklyn Nine-Nine: Season 2: Halloween II","6/6/20"
"Brooklyn Nine-Nine: Season 2: The Jimmy Jab Games","6/6/20"
"Brooklyn Nine-Nine: Season 2: Chocolate Milk","6/6/20"
"The Office (U.S.): Season 1: Pilot","6/6/20"
"Brooklyn Nine-Nine: Season 2: Undercover","6/4/20"
"Brooklyn Nine-Nine: Season 1: Charges and Specs","6/4/20"
"Brooklyn Nine-Nine: Season 1: Unsolvable","6/4/20"
"Brooklyn Nine-Nine: Season 1: Fancy Brudgom","6/4/20"
"The Dictator","6/4/20"
"Brooklyn Nine-Nine: Season 1: Tactical Village","6/3/20"
"Brooklyn Nine-Nine: Season 1: The Apartment","6/3/20"
"Brooklyn Nine-Nine: Season 1: Full Boyle","6/3/20"
"Brooklyn Nine-Nine: Season 1: The Party","6/3/20"
"Brooklyn Nine-Nine: Season 1: Operation: Broken Feather","6/3/20"
"Get Smart","6/2/20"
"Homeland: Season 2: The Smile","6/2/20"
"Homeland: Season 1: Marine One","6/2/20"
"The Big Bang Theory: Season 1: Pilot","6/1/20"
"Dirty Grandpa","6/1/20"
"Brooklyn Nine-Nine: Season 1: The Ebony Falcon","6/1/20"
"Homeland: Season 1: The Vest","6/1/20"
"Homeland: Season 1: Representative Brody","6/1/20"
"Homeland: Season 1: Crossfire","6/1/20"
"Homeland: Season 1: Achilles Heel","6/1/20"
"Outer Banks: Season 1: Pilot","5/31/20"
"Homeland: Season 1: The Weekend","5/31/20"
"Brooklyn Nine-Nine: Season 1: The Bet","5/31/20"
"Brooklyn Nine-Nine: Season 1: Pontiac Bandit","5/31/20"
"Queen of the South: Season 1: Piloto","5/31/20"
"Space Force: Season 1: PROPORTIONATE RESPONSE","5/31/20"
"Space Force: Season 1: IT’S GOOD TO BE BACK ON THE MOON","5/31/20"
"Space Force: Season 1: CONJUGAL VISIT","5/31/20"
"Space Force: Season 1: EDISON JAYMES","5/31/20"
"Space Force: Season 1: THE SPY","5/31/20"
"Brooklyn Nine-Nine: Season 1: Christmas","5/30/20"
"Brooklyn Nine-Nine: Season 1: Thanksgiving","5/30/20"
"Brooklyn Nine-Nine: Season 1: Sal's Pizza","5/30/20"
"Brooklyn Nine-Nine: Season 1: Old School","5/30/20"
"Space Force: Season 1: SAVE EPSILON 6!","5/29/20"
"Space Force: Season 1: THE LAUNCH","5/29/20"
"Brooklyn Nine-Nine: Season 1: 48 Hours","5/29/20"
"Homeland: Season 1: The Good Soldier","5/28/20"
"Homeland: Season 1: Blind Spot","5/28/20"
"Homeland: Season 1: Semper I","5/28/20"
"Brooklyn Nine-Nine: Season 1: Halloween","5/28/20"
"Brooklyn Nine-Nine: Season 1: The Vulture","5/28/20"
"Homeland: Season 1: Clean Skin","5/27/20"
"Brooklyn Nine-Nine: Season 1: M.E. Time","5/27/20"
"Brooklyn Nine-Nine: Season 1: The Slump","5/27/20"
"Brooklyn Nine-Nine: Season 1: The Tagger","5/27/20"
"Brooklyn Nine-Nine: Season 6: The Suicide Squad","5/23/20"
"Brooklyn Nine-Nine: Season 6: Sicko","5/23/20"
"Brooklyn Nine-Nine: Season 6: Cinco de Mayo","5/23/20"
"Brooklyn Nine-Nine: Season 6: Return of the King","5/23/20"
"Brooklyn Nine-Nine: Season 6: Ticking Clocks","5/23/20"
"Brooklyn Nine-Nine: Season 6: The Bimbo","5/23/20"
"Brooklyn Nine-Nine: Season 6: Casecation","5/22/20"
"Brooklyn Nine-Nine: Season 6: The Therapist","5/21/20"
"Brooklyn Nine-Nine: Season 6: Gintars","5/21/20"
"Brooklyn Nine-Nine: Season 6: The Golden Child","5/20/20"
"Brooklyn Nine-Nine: Season 6: He Said, She Said","5/20/20"
"Brooklyn Nine-Nine: Season 6: The Honeypot","5/20/20"
"Brooklyn Nine-Nine: Season 6: The Crime Scene","5/19/20"
"Brooklyn Nine-Nine: Season 6: A Tale of Two Bandits","5/19/20"
"Brooklyn Nine-Nine: Season 6: Four Movements","5/19/20"
"Brooklyn Nine-Nine: Season 5: Kicks","5/15/20"
"Brooklyn Nine-Nine: Season 5: The Big House, Pt. 2","5/15/20"
"Brooklyn Nine-Nine: Season 5: The Big House, Pt. 1","5/15/20"
"Brooklyn Nine-Nine: Season 4: Crime & Punishment","5/15/20"
"Brooklyn Nine-Nine: Season 4: The Bank Job","5/15/20"
"Brooklyn Nine-Nine: Season 4: The Slaughterhouse","5/15/20"
"Brooklyn Nine-Nine: Season 4: Your Honor","5/15/20"
"Brooklyn Nine-Nine: Season 4: Chasing Amy","5/14/20"
"Brooklyn Nine-Nine: Season 4: Cop-Con","5/14/20"
"Brooklyn Nine-Nine: Season 4: Moo Moo","5/14/20"
"Brooklyn Nine-Nine: Season 4: The Last Ride","5/14/20"
"Brooklyn Nine-Nine: Season 4: Serve & Protect","5/14/20"
"Brooklyn Nine-Nine: Season 4: The Audit","5/14/20"
"Brooklyn Nine-Nine: Season 4: The Fugitive: Part 2","5/14/20"
"Brooklyn Nine-Nine: Season 4: The Fugitive: Part 1","5/14/20"
"Brooklyn Nine-Nine: Season 4: Captain Latvia","5/14/20"
"Brooklyn Nine-Nine: Season 4: The Overmining","5/13/20"
"Brooklyn Nine-Nine: Season 4: Skyfire Cycle","5/13/20"
"Brooklyn Nine-Nine: Season 4: Mr. Santiago","5/13/20"
"Brooklyn Nine-Nine: Season 4: Monster in the Closet","5/13/20"
"Brooklyn Nine-Nine: Season 4: Halloween IV","5/13/20"
"Brooklyn Nine-Nine: Season 4: The Night Shift","5/13/20"
"Brooklyn Nine-Nine: Season 4: Coral Palms: Part 3","5/13/20"
"Brooklyn Nine-Nine: Season 4: Coral Palms: Part 2","5/13/20"
"Brooklyn Nine-Nine: Season 4: Coral Palms: Part 1","5/13/20"
"Brooklyn Nine-Nine: Season 3: Greg and Larry","5/13/20"
"Brooklyn Nine-Nine: Season 3: The Bureau","5/13/20"
"Brooklyn Nine-Nine: Season 3: Maximum Security","5/13/20"
"Brooklyn Nine-Nine: Season 3: Paranoia","5/12/20"
"Homeland: Season 1: Grace","5/12/20"
"Homeland: Season 1: Pilot","5/12/20"
"Good Girls: Season 1: Pilot","5/9/20"
"Modern Family: Season 1: Pilot","5/7/20"
"Hunter Killer","5/3/20"
"Tower Heist","4/30/20"
"Designated Survivor: Season 2: Suckers","4/26/20"
"Designated Survivor: Season 2: Equilibrium","4/25/20"
"The Office (U.K.): Series 2: Merger","4/25/20"
"Designated Survivor: Season 2: Outbreak","4/25/20"
"Designated Survivor: Season 2: Sting of the Tail","4/24/20"
"Designated Survivor: Season 2: One Year In","4/24/20"
"Designated Survivor: Season 1: Brace for Impact","4/24/20"
"Designated Survivor: Season 1: Bombshell","4/24/20"
"Designated Survivor: Season 1: Misalliance","4/23/20"
"Designated Survivor: Season 1: Lazarus","4/23/20"
"Designated Survivor: Season 1: The Ninth Seat","4/23/20"
"Designated Survivor: Season 1: Party Lines","4/23/20"
"Designated Survivor: Season 1: One Hundred Days","4/23/20"
"Designated Survivor: Season 1: Commander-in-Chief","4/23/20"
"Designated Survivor: Season 1: Backfire","4/23/20"
"Designated Survivor: Season 1: The End of the Beginning","4/23/20"
"Designated Survivor: Season 1: Warriors","4/23/20"
"Designated Survivor: Season 1: The Oath","4/23/20"
"Designated Survivor: Season 1: The Blueprint","4/23/20"
"Designated Survivor: Season 1: The Results","4/22/20"
"Designated Survivor: Season 1: The Traitor","4/22/20"
"Designated Survivor: Season 1: The Interrogation","4/22/20"
"Designated Survivor: Season 1: The Mission","4/22/20"
"Designated Survivor: Season 1: The Enemy","4/22/20"
"Designated Survivor: Season 1: The Confession","4/22/20"
"Designated Survivor: Season 1: The First Day","4/22/20"
"Designated Survivor: Season 1: Pilot","4/22/20"
"Takers","4/22/20"
"Money Heist: The Phenomenon","4/11/20"
"Money Heist: Part 4: The Paris Plan","4/3/20"
"Money Heist: Part 4: Strike the Tent","4/3/20"
"Money Heist: Part 4: TKO","4/3/20"
"Money Heist: Part 4: 5 Minutes Earlier","4/3/20"
"Money Heist: Part 4: Pasodoble","4/3/20"
"Money Heist: Part 4: Anatomy Lesson","4/3/20"
"Money Heist: Part 4: Berlin's Wedding","4/3/20"
"Money Heist: Part 4: Game Over","4/3/20"
": ","4/1/20"
": ","3/31/20"
"The Spy Next Door","3/27/20"
"Bodyguard: Season 1: Episode 1","3/27/20"
"El Chapo: Season 1: Episode 1","3/27/20"
"Money Heist: Part 3: Astray","3/27/20"
"Money Heist: Part 3: A Quick Vacation","3/26/20"
"Money Heist: Part 3: Everything Seemed Insignificant","3/26/20"
"Money Heist: Part 3: Boom, Boom, Ciao","3/26/20"
"Money Heist: Part 3: It's Dolphin Time","3/25/20"
"Money Heist: Part 3: 48 Meters Underground","3/24/20"
"Money Heist: Part 3: Aikido","3/24/20"
"Money Heist: Part 3: We're Back","3/23/20"
": ","3/5/20"
": ","3/2/20"
"Money Heist: Part 2: Episode 9","2/15/20"
"Money Heist: Part 2: Episode 8","2/15/20"
"Money Heist: Part 2: Episode 7","2/15/20"
"Money Heist: Part 2: Episode 6","2/15/20"
"Money Heist: Part 2: Episode 5","2/13/20"
"Money Heist: Part 2: Episode 4","2/13/20"
"Money Heist: Part 2: Episode 3","2/13/20"
"Money Heist: Part 2: Episode 2","2/12/20"
"Money Heist: Part 2: Episode 1","2/10/20"
"Money Heist: Part 1: Episode 13","2/9/20"
"Money Heist: Part 1: Episode 12","2/9/20"
"Money Heist: Part 1: Episode 11","2/9/20"
"Money Heist: Part 1: Episode 10","2/9/20"
"Money Heist: Part 1: Episode 9","2/9/20"
"Money Heist: Part 1: Episode 8","2/9/20"
"Money Heist: Part 1: Episode 7","2/9/20"
"Money Heist: Part 1: Episode 6","2/9/20"
"Money Heist: Part 1: Episode 5","2/9/20"
"Money Heist: Part 1: Episode 4","2/8/20"
"Money Heist: Part 1: Episode 3","2/8/20"
"Money Heist: Part 1: Episode 2","2/8/20"
"Money Heist: Part 1: Episode 1","2/8/20"
